id,email,name
1,user1@example.com,User 1
2,user2@example.com,User 2
3,user3@example.com,User 3
4,user4@example.com,User 4
5,user5@example.com,User 5
6,user6@example.com,User 6
7,user7@example.com,User 7
8,user8@example.com,User 8
9,user9@example.com,User 9
10,user10@example.com,User 10
11,user11@example.com,User 11
12,user12@example.com,User 12
13,user13@example.com,User 13
14,user14@example.com,User 14
15,user15@example.com,User 15
16,user16@example.com,User 16
17,user17@example.com,User 17
18,user18@example.com,User 18
19,user19@example.com,User 19
20,user20@example.com,User 20
21,user21@example.com,User 21
22,user22@example.com,User 22
23,user23@example.com,User 23
24,user24@example.com,User 24
25,user25@example.com,User 25
26,user26@example.com,User 26
27,user27@example.com,User 27
28,user28@example.com,User 28
29,user29@example.com,User 29
30,user30@example.com,User 30
31,user31@example.com,User 31
32,user32@example.com,User 32
33,user33@example.com,User 33
34,user34@example.com,User 34
35,user35@example.com,User 35
36,user36@example.com,User 36
37,user37@example.com,User 37
38,user38@example.com,User 38
39,user39@example.com,User 39
40,user40@example.com,User 40
41,user41@example.com,User 41
42,user42@example.com,User 42
43,user43@example.com,User 43
44,user44@example.com,User 44
45,user45@example.com,User 45
46,user46@example.com,User 46
47,user47@example.com,User 47
48,user48@example.com,User 48
49,user49@example.com,User 49
50,user50@example.com,User 50
51,user51@example.com,User 51
52,user52@example.com,User 52
53,user53@example.com,User 53
54,user54@example.com,User 54
55,user55@example.com,User 55
56,user56@example.com,User 56
57,user57@example.com,User 57
58,user58@example.com,User 58
59,user59@example.com,User 59
60,user60@example.com,User 60
61,user61@example.com,User 61
62,user62@example.com,User 62
63,user63@example.com,User 63
64,user64@example.com,User 64
65,user65@example.com,User 65
66,user66@example.com,User 66
67,user67@example.com,User 67
68,user68@example.com,User 68
69,user69@example.com,User 69
70,user70@example.com,User 70
71,user71@example.com,User 71
72,user72@example.com,User 72
73,user73@example.com,User 73
74,user74@example.com,User 74
75,user75@example.com,User 75
76,user76@example.com,User 76
77,user77@example.com,User 77
78,user78@example.com,User 78
79,user79@example.com,User 79
80,user80@example.com,User 80
81,user81@example.com,User 81
82,user82@example.com,User 82
83,user83@example.com,User 83
84,user84@example.com,User 84
85,user85@example.com,User 85
86,user86@example.com,User 86
87,user87@example.com,User 87
88,user88@example.com,User 88
89,user89@example.com,User 89
90,user90@example.com,User 90
91,user91@example.com,User 91
92,user92@example.com,User 92
93,user93@example.com,User 93
94,user94@example.com,User 94
95,user95@example.com,User 95
96,user96@example.com,User 96
97,user97@example.com,User 97
98,user98@example.com,User 98
99,user99@example.com,User 99
100,user100@example.com,User 100
